"RMSE","MAE","R2"
0.0603909490588421,0.0481365375762671,0.503042624247788
