"statistic","I","expected","variance","p_value"
"Moran's I",0.556910096935651,-0.0909090909090909,0.0215960734237744,5.21041360489966e-06
