"term","Estimate","Std. Error","t value","Pr(>|t|)","adj_r_squared"
"(Intercept)",-24.498593279117,8.51511899531208,-2.87706998488271,0.0347066567152238,0.994528546228361
"Subsidence",2.21854744760709,0.196309163636405,11.3012933604882,9.48208074791556e-05,0.994528546228361
"Population",0.00289861545732993,0.00081590006329031,3.55265992459981,0.0163413067340316,0.994528546228361
"Elevation",-2.24234209560051,0.625615976060751,-3.58421488805261,0.0158043132029678,0.994528546228361
"SST",8.36184138270819,3.59792055627807,2.32407615785665,0.0677088806984359,0.994528546228361
"Rainfall",0.0105296629634385,0.00250704689553882,4.20002632666169,0.00848934366802453,0.994528546228361
"RiverDischarge",0.000377164877698264,0.000350771011683524,1.07524528862309,0.33139012386459,0.994528546228361
