"district","damage_fraction","defence_design_return_period_yrs","svi_score","vulnerability_index"
"Satkhira",0.8468,25,0.72,0.877272727272727
"Khulna",0.7852,50,0.55,0.566675290934856
"Bagerhat",0.7564,25,0.68,0.80670588740499
"Pirojpur",0.6824,20,0.66,0.836225791213982
"Barguna",0.763,20,0.78,0.962394898441191
"Patuakhali",0.6964,25,0.75,0.832280993687465
"Bhola",0.7174,25,0.74,0.834204706488599
"Lakshmipur",0.514,30,0.6,0.586111134968008
"Noakhali",0.4163,30,0.58,0.527268433031305
"Feni",0.2315,25,0.52,0.45115794219951
"Chittagong",0,75,0.4,0.05
"Cox's Bazar",0,40,0.7,0.365681818181818
